business_id,name,address,city,state,postal_code,stars,review_count,is_open,categories
843f3a826d4249e68d446c,Health Clinic 1,1225 Main St,Las Vegas,NV,82746,3.7,385,1,"Cardiologists, Health & Medical"
3dff6cd9ff184ec6b92267,Health Clinic 2,6553 Main St,Cleveland,OH,76302,4.7,304,1,"Orthopedists, Health & Medical"
946014655f0847b0971904,Health Clinic 3,9628 Main St,Calgary,AB,60247,2.0,50,1,"Pediatricians, Health & Medical"
5274603ed77b4d2fa655c8,Health Clinic 4,8687 Main St,Pittsburgh,PA,89775,2.6,329,1,"Chiropractors, Health & Medical"
e9ed323d78c141708c87f0,Health Clinic 5,2813 Main St,Pittsburgh,PA,21543,3.1,279,1,"Pediatricians, Health & Medical"
4d006fa7721741e6bc3baf,Health Clinic 6,4593 Main St,Madison,WI,92894,5.0,215,1,"Chiropractors, Health & Medical"
62fb0c160d2b4a22ad9867,Health Clinic 7,5356 Main St,Las Vegas,NV,86519,4.0,65,1,"Chiropractors, Health & Medical"
9aa55e6bca64422696b4c6,Health Clinic 8,2553 Main St,Calgary,AB,55326,4.4,398,1,"Cardiologists, Health & Medical"
eb6a1fe6a7f04a2f8b166c,Health Clinic 9,2759 Main St,Toronto,ON,76004,2.9,182,1,"Dentists, General Dentistry, Health & Medical"
4df91ceafecb4b4b9580dc,Health Clinic 10,2442 Main St,Las Vegas,NV,56824,2.9,27,1,"Doctors, Internal Medicine, Health & Medical"
e8d2d3a0864743118e2645,Health Clinic 11,9945 Main St,Montréal,QC,34188,4.2,91,1,"Physical Therapy, Health & Medical"
d62d6b2c4e764e848c0f64,Health Clinic 12,7484 Main St,Tucson,AZ,81987,3.8,166,1,"Pediatricians, Health & Medical"
000dee02c496439d831ba1,Health Clinic 13,8423 Main St,Cleveland,OH,32132,4.2,34,1,"Obstetricians & Gynecologists, Health & Medical"
cc2d0bdb753c4876b6c63d,Health Clinic 14,8183 Main St,Cleveland,OH,38300,3.6,136,1,"Chiropractors, Health & Medical"
94187fc752034755a7607d,Health Clinic 15,9594 Main St,Cleveland,OH,56735,4.0,192,1,"Optometrists, Health & Medical"
45c92d79bfc2468fa61d65,Health Clinic 16,1142 Main St,Cleveland,OH,85363,3.9,379,1,"Obstetricians & Gynecologists, Health & Medical"
75af2e515aeb411fa5c3cf,Health Clinic 17,8827 Main St,Montréal,QC,44552,4.4,43,1,"Cardiologists, Health & Medical"
bebef2d007f64f2f93ed72,Health Clinic 18,758 Main St,Phoenix,AZ,54472,4.4,234,1,"Obstetricians & Gynecologists, Health & Medical"
05feadc2d977463587b636,Health Clinic 19,4806 Main St,Madison,WI,13749,2.5,367,1,"Physical Therapy, Health & Medical"
f973bdff4f2f4cb3bee7e4,Health Clinic 20,5984 Main St,Pittsburgh,PA,20426,2.0,324,1,"Orthopedists, Health & Medical"
adf09cff72004928986ee2,Health Clinic 21,3642 Main St,Montréal,QC,15035,4.6,370,1,"Pediatricians, Health & Medical"
d3354bb911884d80bb9b96,Health Clinic 22,1546 Main St,Charlotte,NC,16485,4.8,76,1,"Pediatricians, Health & Medical"
3b1e4c3e39934c5ea9ec1f,Health Clinic 23,2003 Main St,Phoenix,AZ,88165,3.0,322,1,"Obstetricians & Gynecologists, Health & Medical"
9c7b18c681ff4abcabedf1,Health Clinic 24,8263 Main St,Tucson,AZ,85778,2.3,391,1,"Doctors, Internal Medicine, Health & Medical"
2637d9189bb5495486d02f,Health Clinic 25,3255 Main St,Cleveland,OH,83968,3.9,137,1,"Cardiologists, Health & Medical"
a6fbaeb2672a474cbb06bb,Health Clinic 26,3172 Main St,Calgary,AB,15001,4.5,204,1,"Mental Health, Health & Medical"
3edd1554e9a442f8b61873,Health Clinic 27,9240 Main St,Pittsburgh,PA,16987,5.0,217,1,"Pediatricians, Health & Medical"
9782d7d08ca3480ea622ab,Health Clinic 28,1524 Main St,Madison,WI,35254,4.2,202,1,"Dermatologists, Health & Medical"
799fa42514ba4ffbaa39e5,Health Clinic 29,9160 Main St,Montréal,QC,60875,3.5,123,0,"Pediatricians, Health & Medical"
8572132a95044183a7ebe9,Health Clinic 30,9216 Main St,Pittsburgh,PA,40071,3.1,388,1,"Mental Health, Health & Medical"
423ebd4e04814f058216c8,Health Clinic 31,6025 Main St,Pittsburgh,PA,53879,3.8,383,1,"Urgent Care, Health & Medical"
7661c03a72aa4c04be2325,Health Clinic 32,1738 Main St,Toronto,ON,25569,3.6,158,1,"Dentists, General Dentistry, Health & Medical"
644f4a82be96434c9a6f18,Health Clinic 33,1642 Main St,Las Vegas,NV,75769,3.0,324,1,"Obstetricians & Gynecologists, Health & Medical"
73dd33380e884c6fb601ed,Health Clinic 34,2918 Main St,Montréal,QC,38250,5.0,165,1,"Doctors, Internal Medicine, Health & Medical"
da1e8fe8a02a487a80f12d,Health Clinic 35,5815 Main St,Madison,WI,15988,5.0,319,1,"Obstetricians & Gynecologists, Health & Medical"
3164ab814e6c43858975cf,Health Clinic 36,1620 Main St,Las Vegas,NV,76841,4.7,238,1,"Optometrists, Health & Medical"
3d1b2fc1140548858480e2,Health Clinic 37,4610 Main St,Madison,WI,91250,3.1,193,1,"Dermatologists, Health & Medical"
c9fef5a37b7a4adabe3627,Health Clinic 38,1243 Main St,Madison,WI,11321,4.5,59,1,"Obstetricians & Gynecologists, Health & Medical"
5f3116362323405c8860c6,Health Clinic 39,5448 Main St,Toronto,ON,49300,4.3,265,1,"Pediatricians, Health & Medical"
22c685ef3b3c4be1916ead,Health Clinic 40,309 Main St,Calgary,AB,84444,4.2,135,1,"Dermatologists, Health & Medical"
afd9e5ef14dd47b684ff8c,Health Clinic 41,7118 Main St,Phoenix,AZ,73554,4.8,94,1,"Urgent Care, Health & Medical"
8955206a4c954bf99eb87b,Health Clinic 42,648 Main St,Cleveland,OH,87088,4.3,85,1,"Family Practice, Health & Medical"
a0696bb6a3cf4bc79c07e5,Health Clinic 43,2028 Main St,Cleveland,OH,47368,4.4,392,1,"Doctors, Internal Medicine, Health & Medical"
17dadb430b074f81852323,Health Clinic 44,1828 Main St,Charlotte,NC,43503,4.3,50,1,"Dermatologists, Health & Medical"
4c1cf58aafdd488da50382,Health Clinic 45,8326 Main St,Las Vegas,NV,73825,4.1,321,1,"Family Practice, Health & Medical"
bf777529f2b94aac8ccab1,Health Clinic 46,628 Main St,Tucson,AZ,23825,2.4,347,1,"Orthopedists, Health & Medical"
03a3a2ea1f054e26a13985,Health Clinic 47,4349 Main St,Pittsburgh,PA,31547,3.9,22,1,"Optometrists, Health & Medical"
996b89009f9f4c20bf8fa2,Health Clinic 48,5951 Main St,Madison,WI,64075,3.4,239,1,"Physical Therapy, Health & Medical"
e61be81b144d40a9bc2b63,Health Clinic 49,5207 Main St,Calgary,AB,70160,2.8,235,1,"Chiropractors, Health & Medical"
b35dd880c5b8465faabe49,Health Clinic 50,6838 Main St,Cleveland,OH,20770,5.0,149,1,"Doctors, Internal Medicine, Health & Medical"
4f49e1e678d241c7a61434,Health Clinic 51,8049 Main St,Cleveland,OH,55747,5.0,270,1,"Mental Health, Health & Medical"
431384b7d3b34a92aa848b,Health Clinic 52,3996 Main St,Phoenix,AZ,42842,4.9,169,1,"Orthopedists, Health & Medical"
492c78958fba47a79b9156,Health Clinic 53,8298 Main St,Charlotte,NC,55156,4.0,181,1,"Urgent Care, Health & Medical"
b56abc0cb8c747cc8d9f92,Health Clinic 54,3247 Main St,Pittsburgh,PA,96257,4.9,178,1,"Dermatologists, Health & Medical"
c81c67c90ebb4c69b95f7a,Health Clinic 55,9844 Main St,Pittsburgh,PA,16894,3.8,322,1,"Family Practice, Health & Medical"
9b2710bde8d34274a44f6e,Health Clinic 56,5094 Main St,Las Vegas,NV,99590,4.0,256,1,"Obstetricians & Gynecologists, Health & Medical"
d2ce540dc76144d3a02acc,Health Clinic 57,7385 Main St,Montréal,QC,50461,2.9,157,1,"Urgent Care, Health & Medical"
1e067a94bba8489bae1f83,Health Clinic 58,8761 Main St,Phoenix,AZ,79488,4.1,371,1,"Dentists, General Dentistry, Health & Medical"
9d3ed14fc0664e49804d3e,Health Clinic 59,7946 Main St,Cleveland,OH,48201,3.8,322,1,"Dentists, General Dentistry, Health & Medical"
ea97c7f452b84ddca46ca3,Health Clinic 60,8525 Main St,Calgary,AB,37986,2.8,373,1,"Urgent Care, Health & Medical"
f6c48364ebf3423890dc88,Health Clinic 61,5410 Main St,Tucson,AZ,79353,3.8,294,0,"Family Practice, Health & Medical"
43d26213a8c04495baa378,Health Clinic 62,530 Main St,Cleveland,OH,71889,3.7,162,0,"Acupuncture, Health & Medical"
8a5d13da7a8a4f83bbd36f,Health Clinic 63,4981 Main St,Charlotte,NC,22965,5.0,311,1,"Pediatricians, Health & Medical"
b21c1a90f6594bb882fbd9,Health Clinic 64,1896 Main St,Tucson,AZ,73485,4.5,138,1,"Doctors, Internal Medicine, Health & Medical"
8b81b5e707a0410a8cc83b,Health Clinic 65,8901 Main St,Pittsburgh,PA,77776,3.8,115,1,"Acupuncture, Health & Medical"
af957c876d5c42d1adc519,Health Clinic 66,2443 Main St,Charlotte,NC,44905,4.0,185,1,"Mental Health, Health & Medical"
fe1065ce5f3f4454aadc7d,Health Clinic 67,2357 Main St,Tucson,AZ,93307,3.8,388,1,"Optometrists, Health & Medical"
cf9a2def8f1248a8ab2bad,Health Clinic 68,2568 Main St,Charlotte,NC,67679,3.6,231,1,"Urgent Care, Health & Medical"
06d437c0b191491cbd15a2,Health Clinic 69,6460 Main St,Las Vegas,NV,40026,2.9,159,1,"Nutritionists, Health & Medical"
1bd07a04e739444aa16ca1,Health Clinic 70,5754 Main St,Pittsburgh,PA,10965,3.7,190,1,"Pediatricians, Health & Medical"
3d731ccbe50a420fa88554,Health Clinic 71,9492 Main St,Cleveland,OH,70745,3.2,123,1,"Urgent Care, Health & Medical"
71eb1f6464974595b37373,Health Clinic 72,4220 Main St,Phoenix,AZ,28814,2.8,266,1,"Urgent Care, Health & Medical"
19322fc01470458eb7299b,Health Clinic 73,2894 Main St,Pittsburgh,PA,78086,4.2,146,1,"Orthopedists, Health & Medical"
588e6440516e459ea248b9,Health Clinic 74,587 Main St,Phoenix,AZ,57257,4.1,226,1,"Mental Health, Health & Medical"
32783a80169449d980a373,Health Clinic 75,170 Main St,Calgary,AB,52004,2.4,154,1,"Pediatricians, Health & Medical"
d25feb5ff4f3426cb835d3,Health Clinic 76,3798 Main St,Pittsburgh,PA,24737,3.7,135,1,"Nutritionists, Health & Medical"
2f6489cd9c37469ea28700,Health Clinic 77,9264 Main St,Charlotte,NC,74034,4.6,388,1,"Acupuncture, Health & Medical"
50cc6fd7cd5d4cba8219c6,Health Clinic 78,5284 Main St,Toronto,ON,24931,4.6,144,1,"Acupuncture, Health & Medical"
277d2143c36f4e14815365,Health Clinic 79,8945 Main St,Montréal,QC,47597,4.6,37,1,"Urgent Care, Health & Medical"
2f23914db5994dcbbf4a3b,Health Clinic 80,1106 Main St,Calgary,AB,85266,3.8,157,1,"Doctors, Internal Medicine, Health & Medical"
fb2db5b7ca5343dab23262,Health Clinic 81,1023 Main St,Tucson,AZ,92832,3.1,217,1,"Dermatologists, Health & Medical"
574d13957dfa472f91d003,Health Clinic 82,8350 Main St,Pittsburgh,PA,99020,2.9,46,1,"Obstetricians & Gynecologists, Health & Medical"
bc9388590e3948b7a3ddc2,Health Clinic 83,1156 Main St,Phoenix,AZ,96220,4.1,129,1,"Acupuncture, Health & Medical"
9dce7e54266b430898cb8d,Health Clinic 84,614 Main St,Madison,WI,60036,4.1,74,1,"Physical Therapy, Health & Medical"
395dbe256f104c118ae6a8,Health Clinic 85,4100 Main St,Calgary,AB,28043,4.8,205,1,"Physical Therapy, Health & Medical"
cb0523cc72c84053aefaaf,Health Clinic 86,9255 Main St,Cleveland,OH,85515,4.7,292,0,"Chiropractors, Health & Medical"
f726f8a4c7ff49f188350d,Health Clinic 87,6924 Main St,Las Vegas,NV,82145,3.7,387,1,"Urgent Care, Health & Medical"
b3dde589594f43b69e4bf6,Health Clinic 88,1081 Main St,Charlotte,NC,99127,2.8,161,1,"Dermatologists, Health & Medical"
7e3548d3a76e496aa97831,Health Clinic 89,8386 Main St,Cleveland,OH,68584,3.5,346,1,"Dentists, General Dentistry, Health & Medical"
3cf8177299a84289bc11aa,Health Clinic 90,8450 Main St,Madison,WI,22743,4.0,93,1,"Acupuncture, Health & Medical"
6c0d2d2ab1834cc5a569df,Health Clinic 91,8026 Main St,Pittsburgh,PA,55260,3.6,314,1,"Chiropractors, Health & Medical"
66d065c5f2b9494b9f0fb0,Health Clinic 92,9035 Main St,Madison,WI,50341,3.3,229,1,"Doctors, Internal Medicine, Health & Medical"
91588cef2ec247d7beb8db,Health Clinic 93,2474 Main St,Madison,WI,85864,4.0,305,1,"Dentists, General Dentistry, Health & Medical"
9252be05a61a474ca57e45,Health Clinic 94,9796 Main St,Charlotte,NC,45331,3.4,304,1,"Obstetricians & Gynecologists, Health & Medical"
3ec924b2bf374168aed2e6,Health Clinic 95,3274 Main St,Madison,WI,39573,3.3,217,1,"Dentists, General Dentistry, Health & Medical"
d065f64155f94c19ae6fa4,Health Clinic 96,8039 Main St,Toronto,ON,17204,4.0,110,1,"Family Practice, Health & Medical"
b695abebe8814856865b6d,Health Clinic 97,5835 Main St,Toronto,ON,85190,3.5,215,1,"Orthopedists, Health & Medical"
1b341775eafc4f679c3533,Health Clinic 98,7816 Main St,Calgary,AB,77978,4.0,332,1,"Pediatricians, Health & Medical"
ab3a1567f873475bab63fd,Health Clinic 99,6314 Main St,Calgary,AB,13710,4.0,388,1,"Doctors, Internal Medicine, Health & Medical"
8622083fe99a4f75be0e5e,Health Clinic 100,6459 Main St,Phoenix,AZ,49039,2.9,371,1,"Orthopedists, Health & Medical"
35204371024c4a3a944e6a,Health Clinic 101,6200 Main St,Madison,WI,53174,3.4,80,1,"Chiropractors, Health & Medical"
0de628a2834c484f910b58,Health Clinic 102,7811 Main St,Phoenix,AZ,52238,5.0,242,1,"Acupuncture, Health & Medical"
f83b79aefdd145a294cd19,Health Clinic 103,7415 Main St,Madison,WI,92702,2.9,50,1,"Pediatricians, Health & Medical"
c2e255b179784990a4963c,Health Clinic 104,1431 Main St,Las Vegas,NV,23560,2.1,270,1,"Orthopedists, Health & Medical"
4d4869ae2f3c4f99b859f7,Health Clinic 105,8277 Main St,Cleveland,OH,37570,2.3,397,1,"Doctors, Internal Medicine, Health & Medical"
a1b7ede880bb4c7aa7c4ec,Health Clinic 106,5406 Main St,Cleveland,OH,26283,3.8,30,1,"Dentists, General Dentistry, Health & Medical"
6f272597a4514fe09d0194,Health Clinic 107,3298 Main St,Cleveland,OH,31967,3.8,266,1,"Optometrists, Health & Medical"
6fcc2153f9ee48f491a2b1,Health Clinic 108,5190 Main St,Calgary,AB,91638,3.7,378,1,"Doctors, Internal Medicine, Health & Medical"
3256f97ad716424482e2e4,Health Clinic 109,9672 Main St,Pittsburgh,PA,94664,4.8,340,1,"Cardiologists, Health & Medical"
cca908c603eb4bd4a36fbc,Health Clinic 110,8589 Main St,Cleveland,OH,14018,1.7,163,1,"Acupuncture, Health & Medical"
b122689fa21446b98dda90,Health Clinic 111,8352 Main St,Toronto,ON,66887,4.1,50,0,"Acupuncture, Health & Medical"
ec30cfacfb36423fad17ff,Health Clinic 112,4681 Main St,Cleveland,OH,30956,5.0,370,1,"Optometrists, Health & Medical"
a98bd057a4784db88fb452,Health Clinic 113,7862 Main St,Montréal,QC,27330,2.9,369,1,"Urgent Care, Health & Medical"
d6f7f0baa0794b41ad2458,Health Clinic 114,3912 Main St,Pittsburgh,PA,36285,3.5,235,0,"Orthopedists, Health & Medical"
65c1d503e01941599d1563,Health Clinic 115,6892 Main St,Montréal,QC,27494,3.2,391,1,"Doctors, Internal Medicine, Health & Medical"
3efa132fc9f24e738a0212,Health Clinic 116,6431 Main St,Montréal,QC,54117,3.1,11,1,"Dentists, General Dentistry, Health & Medical"
5b9c47b8a19b4e3f9a8d15,Health Clinic 117,2572 Main St,Las Vegas,NV,99603,3.5,250,1,"Physical Therapy, Health & Medical"
804c8e39adb14cf3b1fb3c,Health Clinic 118,2737 Main St,Phoenix,AZ,62779,4.9,25,0,"Obstetricians & Gynecologists, Health & Medical"
bd3ea76d9e064b09a453e0,Health Clinic 119,705 Main St,Toronto,ON,75091,5.0,374,1,"Doctors, Internal Medicine, Health & Medical"
5c5ae29e1b464c979f1581,Health Clinic 120,1483 Main St,Phoenix,AZ,54395,3.5,275,1,"Nutritionists, Health & Medical"
b02259da98a542efa2e18e,Health Clinic 121,4392 Main St,Pittsburgh,PA,11251,5.0,366,1,"Cardiologists, Health & Medical"
1c38ead4b6e34e129615f6,Health Clinic 122,4830 Main St,Calgary,AB,17570,3.8,229,1,"Orthopedists, Health & Medical"
a1abfc3dde5840ebb0df87,Health Clinic 123,1734 Main St,Calgary,AB,34198,5.0,42,1,"Acupuncture, Health & Medical"
4da250c6d25b49a69b5912,Health Clinic 124,4226 Main St,Pittsburgh,PA,31929,3.7,20,1,"Acupuncture, Health & Medical"
ed6c77d3baa1452bb88f6e,Health Clinic 125,6080 Main St,Madison,WI,85651,3.9,140,1,"Acupuncture, Health & Medical"
0bbe619f246e44bdaee863,Health Clinic 126,2402 Main St,Montréal,QC,85922,4.1,299,1,"Optometrists, Health & Medical"
ce259e029f924f59bc3cb4,Health Clinic 127,3448 Main St,Las Vegas,NV,86870,5.0,68,1,"Nutritionists, Health & Medical"
fbce23a114144c63be2f2a,Health Clinic 128,3737 Main St,Cleveland,OH,67382,4.5,342,1,"Orthopedists, Health & Medical"
d89496ba82444e53a6792d,Health Clinic 129,5099 Main St,Montréal,QC,60055,3.2,103,1,"Cardiologists, Health & Medical"
7b77f2a2863e4e67a1ef31,Health Clinic 130,3726 Main St,Calgary,AB,68422,4.6,203,1,"Family Practice, Health & Medical"
56e9a175ef0c49b39ae86d,Health Clinic 131,7395 Main St,Montréal,QC,46612,3.5,89,1,"Chiropractors, Health & Medical"
293b9f77a41e4f35a88690,Health Clinic 132,3341 Main St,Montréal,QC,70317,3.4,191,1,"Obstetricians & Gynecologists, Health & Medical"
33651935b8564ddd91bf78,Health Clinic 133,4395 Main St,Las Vegas,NV,81499,4.5,186,1,"Dentists, General Dentistry, Health & Medical"
97de5cb4da4646b991c77e,Health Clinic 134,3856 Main St,Montréal,QC,78660,3.8,12,1,"Pediatricians, Health & Medical"
52a1044d9d74453a854ead,Health Clinic 135,1910 Main St,Cleveland,OH,65244,4.0,231,1,"Obstetricians & Gynecologists, Health & Medical"
6b578e0df0b5454b970164,Health Clinic 136,6888 Main St,Charlotte,NC,15229,3.8,316,0,"Family Practice, Health & Medical"
5c7e0e0f9d59487b9ded2d,Health Clinic 137,2430 Main St,Calgary,AB,75244,4.1,375,1,"Family Practice, Health & Medical"
dab779ddbe174a41b814d4,Health Clinic 138,3038 Main St,Las Vegas,NV,42994,4.1,138,1,"Dermatologists, Health & Medical"
52a3a335fad34a6bb8560b,Health Clinic 139,7947 Main St,Charlotte,NC,76929,2.3,353,1,"Pediatricians, Health & Medical"
39581e921a8d4951a8df85,Health Clinic 140,9492 Main St,Pittsburgh,PA,58556,4.3,352,1,"Orthopedists, Health & Medical"
8e168428df3048acb63267,Health Clinic 141,6740 Main St,Tucson,AZ,89305,3.0,395,1,"Nutritionists, Health & Medical"
6300cc1257f845a6af4d44,Health Clinic 142,9170 Main St,Toronto,ON,40460,2.6,155,1,"Acupuncture, Health & Medical"
068e0dad930044909c52aa,Health Clinic 143,8555 Main St,Toronto,ON,93824,3.8,341,1,"Optometrists, Health & Medical"
6213e000c7de4ec0b7fdaf,Health Clinic 144,4860 Main St,Pittsburgh,PA,86002,3.9,230,1,"Chiropractors, Health & Medical"
97902e48cacb4d699b4cb5,Health Clinic 145,7725 Main St,Tucson,AZ,39799,3.2,32,1,"Cardiologists, Health & Medical"
cff3106cca784d2cb1603a,Health Clinic 146,3350 Main St,Madison,WI,53431,4.5,115,1,"Pediatricians, Health & Medical"
bc5ada5d10784e2cb15c21,Health Clinic 147,4658 Main St,Las Vegas,NV,57820,2.7,272,1,"Chiropractors, Health & Medical"
fcf124ecb23e477ba24ba6,Health Clinic 148,5400 Main St,Toronto,ON,79175,3.5,72,1,"Doctors, Internal Medicine, Health & Medical"
1d2e6e90d6f64549b9d11b,Health Clinic 149,9607 Main St,Madison,WI,72023,3.3,179,1,"Obstetricians & Gynecologists, Health & Medical"
88b793458a0f4b0eacd999,Health Clinic 150,8499 Main St,Las Vegas,NV,86680,3.8,312,1,"Dermatologists, Health & Medical"
4fa7da9af81049f690ba7d,Health Clinic 151,4943 Main St,Madison,WI,43287,4.0,68,1,"Physical Therapy, Health & Medical"
619abea59fa944fdb8ba0d,Health Clinic 152,6559 Main St,Toronto,ON,55430,3.0,203,1,"Optometrists, Health & Medical"
6a5a36605232444cb31ba1,Health Clinic 153,2103 Main St,Tucson,AZ,48777,4.4,93,1,"Cardiologists, Health & Medical"
f02cde4886fd4cb28fe39f,Health Clinic 154,8062 Main St,Toronto,ON,91858,3.9,219,0,"Cardiologists, Health & Medical"
6b72ed86458a4080900474,Health Clinic 155,5574 Main St,Pittsburgh,PA,37447,2.3,103,1,"Obstetricians & Gynecologists, Health & Medical"
9bb1c1bedada4bdc873bda,Health Clinic 156,5373 Main St,Calgary,AB,62840,2.2,386,1,"Chiropractors, Health & Medical"
0b9c803065454a02ad696b,Health Clinic 157,7685 Main St,Phoenix,AZ,20814,3.8,39,1,"Orthopedists, Health & Medical"
45a073623fdc43709961cb,Health Clinic 158,6365 Main St,Montréal,QC,86523,3.6,385,1,"Cardiologists, Health & Medical"
2cebc03338444075837bf8,Health Clinic 159,817 Main St,Montréal,QC,44579,3.7,318,1,"Dermatologists, Health & Medical"
6d7db7d1992b4c1b9c13ff,Health Clinic 160,2952 Main St,Cleveland,OH,40652,3.8,343,1,"Optometrists, Health & Medical"
a215c9d5f1eb46b5b1d882,Health Clinic 161,1849 Main St,Tucson,AZ,62461,4.0,342,1,"Orthopedists, Health & Medical"
5c6382b9d3c7485287fa0e,Health Clinic 162,7374 Main St,Calgary,AB,54893,4.6,83,1,"Dermatologists, Health & Medical"
43322c87ffb04363b79912,Health Clinic 163,447 Main St,Pittsburgh,PA,86317,2.9,373,0,"Obstetricians & Gynecologists, Health & Medical"
03ff7903f6544982bdd09a,Health Clinic 164,2103 Main St,Pittsburgh,PA,57826,2.9,241,1,"Dermatologists, Health & Medical"
b16f249ab29b4e6aad5234,Health Clinic 165,6014 Main St,Pittsburgh,PA,56529,2.9,385,1,"Pediatricians, Health & Medical"
310295a4bd50421e98c123,Health Clinic 166,6977 Main St,Madison,WI,19448,4.0,352,1,"Cardiologists, Health & Medical"
a8d682bd68bb4e89b9ed90,Health Clinic 167,5082 Main St,Charlotte,NC,11974,4.8,236,1,"Obstetricians & Gynecologists, Health & Medical"
d05e72f1251542efb92763,Health Clinic 168,8620 Main St,Phoenix,AZ,45869,3.5,156,1,"Obstetricians & Gynecologists, Health & Medical"
1b893d499ba3469d927fbd,Health Clinic 169,9196 Main St,Charlotte,NC,99837,1.8,55,1,"Mental Health, Health & Medical"
fee19bfe43e5428b84167b,Health Clinic 170,1407 Main St,Las Vegas,NV,92559,2.4,49,1,"Dermatologists, Health & Medical"
c92cf06725e340838583d0,Health Clinic 171,9528 Main St,Phoenix,AZ,66607,3.1,161,1,"Dentists, General Dentistry, Health & Medical"
e65d60d1b035464aa38246,Health Clinic 172,6181 Main St,Las Vegas,NV,66774,3.4,326,1,"Family Practice, Health & Medical"
2bdb144a26d449d5b6acc3,Health Clinic 173,6397 Main St,Cleveland,OH,45234,3.5,207,1,"Doctors, Internal Medicine, Health & Medical"
70b94cb643e64947ac2eef,Health Clinic 174,1041 Main St,Cleveland,OH,25975,3.8,197,1,"Physical Therapy, Health & Medical"
5590d87a917241279084ae,Health Clinic 175,6255 Main St,Calgary,AB,10769,3.6,105,1,"Optometrists, Health & Medical"
232bca93ee6e48b7b55705,Health Clinic 176,7283 Main St,Pittsburgh,PA,40496,4.6,230,1,"Optometrists, Health & Medical"
01eb576c416f46fb9df86f,Health Clinic 177,5849 Main St,Cleveland,OH,38481,3.3,258,1,"Doctors, Internal Medicine, Health & Medical"
645df9659f7943dd8903bb,Health Clinic 178,936 Main St,Phoenix,AZ,27244,3.1,393,1,"Nutritionists, Health & Medical"
981192848f9247928c9e98,Health Clinic 179,5279 Main St,Tucson,AZ,33324,4.2,294,1,"Obstetricians & Gynecologists, Health & Medical"
dfba80d6611540fb96350c,Health Clinic 180,9364 Main St,Montréal,QC,12234,2.6,246,1,"Dermatologists, Health & Medical"
d8b1e768c5804a1f9a4aaf,Health Clinic 181,7261 Main St,Tucson,AZ,64715,4.1,364,1,"Urgent Care, Health & Medical"
73790fbea61c45fdb575fb,Health Clinic 182,1460 Main St,Phoenix,AZ,93470,3.9,175,1,"Doctors, Internal Medicine, Health & Medical"
ee597431ef38410492bcfe,Health Clinic 183,9602 Main St,Pittsburgh,PA,72171,3.7,374,1,"Physical Therapy, Health & Medical"
3743452128614e13a734d6,Health Clinic 184,9591 Main St,Calgary,AB,50338,5.0,154,1,"Orthopedists, Health & Medical"
58033da6e0cc41048e37a9,Health Clinic 185,1776 Main St,Pittsburgh,PA,47823,3.3,59,1,"Physical Therapy, Health & Medical"
b6c6795a0e054c9485dff1,Health Clinic 186,8027 Main St,Pittsburgh,PA,37677,5.0,172,1,"Dentists, General Dentistry, Health & Medical"
2ffd93a78cfa490cb77c4d,Health Clinic 187,4126 Main St,Phoenix,AZ,22816,3.6,60,1,"Acupuncture, Health & Medical"
9ef69036f15f42d38a778a,Health Clinic 188,5976 Main St,Charlotte,NC,63862,2.8,56,1,"Optometrists, Health & Medical"
e433e9dd87f248538f812f,Health Clinic 189,4506 Main St,Toronto,ON,60986,3.9,353,1,"Cardiologists, Health & Medical"
dae24b47188341c79c03b4,Health Clinic 190,7847 Main St,Charlotte,NC,10658,2.9,319,1,"Urgent Care, Health & Medical"
cea8003f20d54539a03ae9,Health Clinic 191,9965 Main St,Calgary,AB,47396,3.2,96,1,"Dermatologists, Health & Medical"
83e826ad93b442b0bc0c8f,Health Clinic 192,7970 Main St,Calgary,AB,35021,4.1,336,1,"Dentists, General Dentistry, Health & Medical"
7cd48ea1f8494576b0b035,Health Clinic 193,9319 Main St,Calgary,AB,25325,4.2,36,1,"Pediatricians, Health & Medical"
d0ea5d6c36994b84b952c8,Health Clinic 194,9464 Main St,Charlotte,NC,73272,3.3,120,1,"Family Practice, Health & Medical"
1365b8e5da644291bdb285,Health Clinic 195,991 Main St,Tucson,AZ,57323,4.6,285,1,"Nutritionists, Health & Medical"
15b0a5999607487196283b,Health Clinic 196,2608 Main St,Las Vegas,NV,67038,4.7,128,1,"Acupuncture, Health & Medical"
315f7b2ad3a44af1ac0049,Health Clinic 197,7245 Main St,Charlotte,NC,74212,4.9,294,1,"Optometrists, Health & Medical"
95fc7d21d6ad438dbdc467,Health Clinic 198,5941 Main St,Phoenix,AZ,98361,4.2,350,1,"Mental Health, Health & Medical"
186ed3f98e7442479eab85,Health Clinic 199,596 Main St,Charlotte,NC,82247,4.9,35,1,"Chiropractors, Health & Medical"
3d361533c508401e826ddf,Health Clinic 200,1040 Main St,Tucson,AZ,65831,2.3,19,1,"Cardiologists, Health & Medical"
d55b3a0efb2f4132b1535f,Health Clinic 201,5252 Main St,Charlotte,NC,89111,3.5,376,0,"Obstetricians & Gynecologists, Health & Medical"
e9879a474413411dbf4042,Health Clinic 202,6199 Main St,Tucson,AZ,52975,3.1,212,1,"Cardiologists, Health & Medical"
b875c3ca6d814d0b8d047c,Health Clinic 203,1760 Main St,Pittsburgh,PA,98628,3.9,207,1,"Cardiologists, Health & Medical"
17857b37ba6d42d9b490bb,Health Clinic 204,1795 Main St,Calgary,AB,78528,3.3,190,1,"Acupuncture, Health & Medical"
37c7ef079751456aa4d6ea,Health Clinic 205,1380 Main St,Pittsburgh,PA,68578,3.7,179,1,"Orthopedists, Health & Medical"
535e85319dc249ecaf3e11,Health Clinic 206,5692 Main St,Toronto,ON,91298,5.0,279,1,"Dermatologists, Health & Medical"
9b62ce1c192c4a7ab39370,Health Clinic 207,177 Main St,Cleveland,OH,56356,3.7,236,1,"Orthopedists, Health & Medical"
d29ce2c1de704df1b57e4d,Health Clinic 208,5766 Main St,Tucson,AZ,74861,4.1,73,1,"Chiropractors, Health & Medical"
6f7e44a3c2234389972fc2,Health Clinic 209,4811 Main St,Toronto,ON,35625,3.6,254,1,"Dentists, General Dentistry, Health & Medical"
5ae68aae2b954911b3aed6,Health Clinic 210,4712 Main St,Cleveland,OH,96688,3.9,270,1,"Orthopedists, Health & Medical"
8ff34263e2a846c2890732,Health Clinic 211,6824 Main St,Toronto,ON,66102,3.8,54,1,"Family Practice, Health & Medical"
823095314cb3410e8f3628,Health Clinic 212,5273 Main St,Cleveland,OH,80379,4.2,156,1,"Orthopedists, Health & Medical"
70220166c5554d079c6a5e,Health Clinic 213,7303 Main St,Cleveland,OH,51465,4.7,318,1,"Urgent Care, Health & Medical"
35fc131368e245ec85ea36,Health Clinic 214,7662 Main St,Pittsburgh,PA,88011,5.0,251,1,"Chiropractors, Health & Medical"
414e203685b840eab07300,Health Clinic 215,9208 Main St,Cleveland,OH,16675,4.0,63,0,"Obstetricians & Gynecologists, Health & Medical"
b6be97c620294f0f8c79c6,Health Clinic 216,8011 Main St,Toronto,ON,20269,4.3,25,1,"Mental Health, Health & Medical"
efe10f67598a40c1b14265,Health Clinic 217,5224 Main St,Las Vegas,NV,55639,2.9,236,1,"Dermatologists, Health & Medical"
b0febbb41f8e46638851d2,Health Clinic 218,4971 Main St,Las Vegas,NV,75916,3.7,190,1,"Doctors, Internal Medicine, Health & Medical"
bed3e3f45cff48b896d0f3,Health Clinic 219,2433 Main St,Pittsburgh,PA,82828,4.6,384,1,"Dentists, General Dentistry, Health & Medical"
ad71a5cb36b7424fb96ef0,Health Clinic 220,6035 Main St,Tucson,AZ,49607,4.5,213,0,"Nutritionists, Health & Medical"
5d558cc3893c4bf380b05b,Health Clinic 221,1477 Main St,Phoenix,AZ,68469,4.0,373,1,"Mental Health, Health & Medical"
e1a1914e499d48548d3522,Health Clinic 222,9318 Main St,Pittsburgh,PA,59778,4.5,93,1,"Optometrists, Health & Medical"
58918e8cb30244ea8b7bfb,Health Clinic 223,8465 Main St,Cleveland,OH,96536,4.2,184,0,"Optometrists, Health & Medical"
1ebf18957a1c437894acef,Health Clinic 224,1285 Main St,Toronto,ON,68868,4.8,64,1,"Doctors, Internal Medicine, Health & Medical"
cd361f308f9f455ebf9033,Health Clinic 225,7880 Main St,Cleveland,OH,47515,4.0,233,1,"Acupuncture, Health & Medical"
9deec994b4474df49c811e,Health Clinic 226,1259 Main St,Charlotte,NC,97282,3.5,83,0,"Dentists, General Dentistry, Health & Medical"
04f9ec3f87b94a04bb55e4,Health Clinic 227,7239 Main St,Madison,WI,19652,4.1,201,1,"Urgent Care, Health & Medical"
25b6a1d5fa2b4c8a93adce,Health Clinic 228,968 Main St,Montréal,QC,98611,1.5,144,1,"Optometrists, Health & Medical"
cf7d25cc3d264899af4c5f,Health Clinic 229,4932 Main St,Montréal,QC,23861,4.1,82,1,"Dermatologists, Health & Medical"
e3f0ce94d9bd4f459f4dc7,Health Clinic 230,6612 Main St,Phoenix,AZ,35940,1.0,47,1,"Pediatricians, Health & Medical"
f1fd7c6aba864e7490476e,Health Clinic 231,7314 Main St,Pittsburgh,PA,83931,2.4,209,1,"Family Practice, Health & Medical"
55652eb6865c4d6c93fc0b,Health Clinic 232,4243 Main St,Madison,WI,76037,4.2,379,1,"Doctors, Internal Medicine, Health & Medical"
1ec9c0dd11d34293924e55,Health Clinic 233,9223 Main St,Las Vegas,NV,97330,4.2,87,1,"Dermatologists, Health & Medical"
0e03b48741554f1bb39366,Health Clinic 234,7765 Main St,Cleveland,OH,77497,2.9,167,1,"Pediatricians, Health & Medical"
6a0f817396d34c028a77a5,Health Clinic 235,2161 Main St,Pittsburgh,PA,67330,3.2,97,1,"Pediatricians, Health & Medical"
faa7db7fe5b24d7bb1d48d,Health Clinic 236,6744 Main St,Cleveland,OH,41184,4.9,325,1,"Chiropractors, Health & Medical"
cbbcf6c4b4a8408d8c2e8c,Health Clinic 237,7331 Main St,Calgary,AB,10424,3.4,171,0,"Nutritionists, Health & Medical"
1a70aec2d1ef4c3db0c252,Health Clinic 238,3402 Main St,Pittsburgh,PA,21148,5.0,390,1,"Dermatologists, Health & Medical"
8b5472ce8a10451c874582,Health Clinic 239,7407 Main St,Charlotte,NC,36799,3.8,105,1,"Obstetricians & Gynecologists, Health & Medical"
a0af7dfe3e6e4fdfb1ae8e,Health Clinic 240,8992 Main St,Calgary,AB,13685,4.1,41,1,"Dermatologists, Health & Medical"
e2151af43cb04fd6a945e5,Health Clinic 241,8188 Main St,Phoenix,AZ,55735,5.0,237,1,"Acupuncture, Health & Medical"
5c3a652be3ae4ca69cc918,Health Clinic 242,7648 Main St,Montréal,QC,79960,3.9,264,1,"Dermatologists, Health & Medical"
2081f5329a9341caa32c67,Health Clinic 243,6380 Main St,Las Vegas,NV,96691,3.0,396,1,"Dermatologists, Health & Medical"
bb867c35640b413abfe1c7,Health Clinic 244,2778 Main St,Calgary,AB,54072,3.7,349,1,"Pediatricians, Health & Medical"
467499eb4d454d1c96ceaf,Health Clinic 245,7971 Main St,Calgary,AB,88749,3.8,354,1,"Pediatricians, Health & Medical"
f501d1a1bf154e839a2820,Health Clinic 246,3705 Main St,Las Vegas,NV,98697,2.7,257,1,"Dentists, General Dentistry, Health & Medical"
6682d9e9ea8f4afc8b9323,Health Clinic 247,5368 Main St,Cleveland,OH,87383,3.6,150,1,"Mental Health, Health & Medical"
18dce8a445f44ff0be2125,Health Clinic 248,3212 Main St,Pittsburgh,PA,51847,3.2,177,1,"Doctors, Internal Medicine, Health & Medical"
a54d52c4d15749efb8d888,Health Clinic 249,3198 Main St,Cleveland,OH,39273,4.5,62,1,"Optometrists, Health & Medical"
78d1d7228b674b0fad6de6,Health Clinic 250,1660 Main St,Las Vegas,NV,98011,3.8,178,1,"Optometrists, Health & Medical"
e3ae16d241c04dd1888d1b,Health Clinic 251,9615 Main St,Phoenix,AZ,31771,3.6,152,1,"Pediatricians, Health & Medical"
31c7b2a7dfeb4b38b3d841,Health Clinic 252,1562 Main St,Pittsburgh,PA,47041,3.7,24,1,"Urgent Care, Health & Medical"
0d4b0eb8e3074b1184f167,Health Clinic 253,953 Main St,Phoenix,AZ,16662,4.0,89,1,"Physical Therapy, Health & Medical"
8366e0c82f134797a06427,Health Clinic 254,9366 Main St,Charlotte,NC,81430,4.3,218,1,"Acupuncture, Health & Medical"
18cb909aeafa4548b9031d,Health Clinic 255,5594 Main St,Calgary,AB,68484,3.0,154,1,"Dermatologists, Health & Medical"
1e21d3eca6f941fba3ebc3,Health Clinic 256,4434 Main St,Phoenix,AZ,17633,3.0,397,1,"Nutritionists, Health & Medical"
5a8bf93dba31439e8c33d1,Health Clinic 257,7400 Main St,Calgary,AB,29973,4.7,196,1,"Doctors, Internal Medicine, Health & Medical"
0084b47ebfd4438fbdaf18,Health Clinic 258,3894 Main St,Phoenix,AZ,59990,3.5,383,0,"Orthopedists, Health & Medical"
8d570ea960884ace8b5fdf,Health Clinic 259,1366 Main St,Phoenix,AZ,58636,2.7,267,1,"Urgent Care, Health & Medical"
60ebadd040c04dd9ac5600,Health Clinic 260,7323 Main St,Montréal,QC,82184,4.2,25,0,"Orthopedists, Health & Medical"
af9bbbaa4ffc4a6494d2c6,Health Clinic 261,1842 Main St,Cleveland,OH,33948,4.2,89,1,"Nutritionists, Health & Medical"
66f778629cd045af815812,Health Clinic 262,5574 Main St,Phoenix,AZ,93222,2.6,285,0,"Pediatricians, Health & Medical"
9b64cd8594bd4e2cbb6541,Health Clinic 263,9494 Main St,Toronto,ON,50002,4.0,222,1,"Doctors, Internal Medicine, Health & Medical"
734e150d4eae4ae3b85669,Health Clinic 264,9366 Main St,Tucson,AZ,84031,4.4,127,1,"Urgent Care, Health & Medical"
857903c922974af4835ab1,Health Clinic 265,3671 Main St,Tucson,AZ,31454,4.1,213,1,"Dentists, General Dentistry, Health & Medical"
bef5ff15692f44eaa93468,Health Clinic 266,7824 Main St,Montréal,QC,13327,4.3,362,1,"Urgent Care, Health & Medical"
793ebbabfdbf4f49bea06a,Health Clinic 267,6164 Main St,Pittsburgh,PA,14954,2.7,161,1,"Urgent Care, Health & Medical"
f36f5b505e2a49008dbc69,Health Clinic 268,4845 Main St,Charlotte,NC,43542,4.1,27,1,"Family Practice, Health & Medical"
65b970b6ac514ba3a61fdf,Health Clinic 269,1485 Main St,Calgary,AB,95782,3.6,131,1,"Orthopedists, Health & Medical"
6732bada707946a088d943,Health Clinic 270,3825 Main St,Montréal,QC,14382,3.4,374,1,"Nutritionists, Health & Medical"
900e414487494ec6880d63,Health Clinic 271,6553 Main St,Toronto,ON,43207,4.5,307,1,"Chiropractors, Health & Medical"
1d75873747584cd5a13ac6,Health Clinic 272,9866 Main St,Las Vegas,NV,19835,5.0,336,1,"Obstetricians & Gynecologists, Health & Medical"
adcceb38b0584978adeca2,Health Clinic 273,148 Main St,Phoenix,AZ,93839,5.0,365,1,"Dentists, General Dentistry, Health & Medical"
d08d915364294a78aea657,Health Clinic 274,7205 Main St,Tucson,AZ,70776,4.9,55,1,"Urgent Care, Health & Medical"
4930a56e9f0b47758b7a5f,Health Clinic 275,8477 Main St,Pittsburgh,PA,78641,3.7,120,1,"Cardiologists, Health & Medical"
e118e5c3386e486c91a7f1,Health Clinic 276,9515 Main St,Pittsburgh,PA,74192,4.1,33,1,"Family Practice, Health & Medical"
cd0cc4a3ed474850990666,Health Clinic 277,4295 Main St,Pittsburgh,PA,69131,4.4,11,1,"Urgent Care, Health & Medical"
fdc69202446b441498d6d5,Health Clinic 278,1272 Main St,Cleveland,OH,79634,3.9,335,1,"Pediatricians, Health & Medical"
b50a36910af44c2d854df4,Health Clinic 279,2782 Main St,Las Vegas,NV,10731,3.9,375,1,"Dentists, General Dentistry, Health & Medical"
5257a3bf21db407c8e3a00,Health Clinic 280,8519 Main St,Las Vegas,NV,87890,4.5,70,1,"Nutritionists, Health & Medical"
8e9f56dc30374cc2969cb1,Health Clinic 281,8790 Main St,Toronto,ON,76587,3.8,291,1,"Orthopedists, Health & Medical"
f3c75fd8768548e7bb126e,Health Clinic 282,6406 Main St,Pittsburgh,PA,76548,3.2,218,1,"Dentists, General Dentistry, Health & Medical"
6564988b69654393848d42,Health Clinic 283,1315 Main St,Calgary,AB,45408,3.5,36,1,"Nutritionists, Health & Medical"
1cda8316f5cb49d79a702c,Health Clinic 284,1306 Main St,Pittsburgh,PA,82077,4.3,367,0,"Acupuncture, Health & Medical"
93762bbc352f4f4ea006fa,Health Clinic 285,4833 Main St,Pittsburgh,PA,44363,3.8,349,1,"Obstetricians & Gynecologists, Health & Medical"
c7e6d6bce6814b4fbbb25e,Health Clinic 286,5923 Main St,Tucson,AZ,14406,4.1,231,1,"Urgent Care, Health & Medical"
9cd90776feb344c3898df2,Health Clinic 287,420 Main St,Phoenix,AZ,91702,4.3,286,1,"Doctors, Internal Medicine, Health & Medical"
8b01ef67a312409d9eaa18,Health Clinic 288,6891 Main St,Montréal,QC,31107,3.5,164,1,"Dentists, General Dentistry, Health & Medical"
7b443850d1f04608aff34f,Health Clinic 289,5490 Main St,Montréal,QC,19170,4.4,319,1,"Pediatricians, Health & Medical"
d21f00cd83b34eca814912,Health Clinic 290,221 Main St,Pittsburgh,PA,65970,4.1,183,1,"Mental Health, Health & Medical"
834ba9ce24d74f8b92842b,Health Clinic 291,1047 Main St,Madison,WI,31028,2.8,395,1,"Chiropractors, Health & Medical"
766c95a66849418d87307b,Health Clinic 292,4597 Main St,Toronto,ON,87230,5.0,34,1,"Doctors, Internal Medicine, Health & Medical"
272501d485554f67befdc1,Health Clinic 293,7252 Main St,Tucson,AZ,49937,3.4,77,1,"Cardiologists, Health & Medical"
fc8ece1d7eb8476699ae48,Health Clinic 294,8270 Main St,Charlotte,NC,10405,2.5,387,1,"Urgent Care, Health & Medical"
53201c6f199b41de998bcf,Health Clinic 295,4369 Main St,Montréal,QC,95653,3.0,122,1,"Urgent Care, Health & Medical"
cd4ab4a67a2b4b6098048d,Health Clinic 296,3023 Main St,Montréal,QC,56316,3.0,131,1,"Urgent Care, Health & Medical"
e88d8cb3d5cb44cf89a6b2,Health Clinic 297,9685 Main St,Madison,WI,33667,3.8,318,1,"Family Practice, Health & Medical"
2abd82102bfa40409bbb1a,Health Clinic 298,4639 Main St,Pittsburgh,PA,70955,3.6,83,1,"Mental Health, Health & Medical"
7b3e4e22b8bd40b7afeeef,Health Clinic 299,3222 Main St,Toronto,ON,57754,3.5,210,1,"Orthopedists, Health & Medical"
ff6710dcaf6d4786aa4292,Health Clinic 300,4478 Main St,Las Vegas,NV,12664,4.3,121,1,"Family Practice, Health & Medical"
5b528fbec1c94caba2e385,Health Clinic 301,219 Main St,Charlotte,NC,78367,4.1,87,0,"Dermatologists, Health & Medical"
4f488f897a8440eba3b66e,Health Clinic 302,3088 Main St,Madison,WI,46121,4.1,386,1,"Dentists, General Dentistry, Health & Medical"
9d66c7ef0ee34899be3db9,Health Clinic 303,5203 Main St,Las Vegas,NV,72982,4.1,87,1,"Urgent Care, Health & Medical"
9b8d236ab06f480d9cb747,Health Clinic 304,9191 Main St,Madison,WI,90606,4.3,46,0,"Pediatricians, Health & Medical"
c12865a00591496c8c8f4b,Health Clinic 305,7407 Main St,Montréal,QC,64954,2.1,272,1,"Acupuncture, Health & Medical"
3162331dd7264c94b9c311,Health Clinic 306,7834 Main St,Phoenix,AZ,70444,3.5,348,1,"Obstetricians & Gynecologists, Health & Medical"
bf83aa6eb49941cbafff01,Health Clinic 307,5493 Main St,Charlotte,NC,32918,2.1,59,1,"Family Practice, Health & Medical"
02bf253eb48f46e8b5c2e8,Health Clinic 308,1194 Main St,Montréal,QC,31389,3.8,286,1,"Doctors, Internal Medicine, Health & Medical"
9b20c59d86944939b0a349,Health Clinic 309,3969 Main St,Charlotte,NC,47349,3.8,220,1,"Mental Health, Health & Medical"
bfc04d22ce67468987b841,Health Clinic 310,9969 Main St,Phoenix,AZ,86749,4.6,333,1,"Obstetricians & Gynecologists, Health & Medical"
6390c518940a4392af4d6f,Health Clinic 311,537 Main St,Calgary,AB,57176,4.8,59,1,"Obstetricians & Gynecologists, Health & Medical"
7aa542952b9945179a67ec,Health Clinic 312,8803 Main St,Calgary,AB,41322,4.0,390,1,"Optometrists, Health & Medical"
666fcb6f608e471b807db5,Health Clinic 313,6875 Main St,Phoenix,AZ,80164,3.4,251,1,"Acupuncture, Health & Medical"
295e666eb475482faaa551,Health Clinic 314,2910 Main St,Toronto,ON,86800,4.2,338,1,"Dermatologists, Health & Medical"
036a4ecf809b4869a1e9ea,Health Clinic 315,7801 Main St,Toronto,ON,91227,3.4,151,1,"Family Practice, Health & Medical"
656d5b834bda4a7db025bd,Health Clinic 316,8384 Main St,Calgary,AB,36904,3.8,377,1,"Obstetricians & Gynecologists, Health & Medical"
1061110f3b63461d8d29e5,Health Clinic 317,527 Main St,Cleveland,OH,73866,4.6,254,1,"Doctors, Internal Medicine, Health & Medical"
8df40c41747e43868a4eae,Health Clinic 318,1153 Main St,Cleveland,OH,63128,3.4,59,1,"Nutritionists, Health & Medical"
4913bd47e6b942298dc4df,Health Clinic 319,6690 Main St,Tucson,AZ,50407,4.4,369,1,"Chiropractors, Health & Medical"
b785e8829e954a51aa9d04,Health Clinic 320,9990 Main St,Cleveland,OH,45724,4.3,320,0,"Pediatricians, Health & Medical"
710db3b6757e409f9536a8,Health Clinic 321,337 Main St,Charlotte,NC,20309,3.0,127,1,"Family Practice, Health & Medical"
6a6f704cd0e14a47827e44,Health Clinic 322,6689 Main St,Phoenix,AZ,34733,4.6,222,1,"Nutritionists, Health & Medical"
63f87ab58dc84ff68c7197,Health Clinic 323,1451 Main St,Calgary,AB,59469,4.4,161,1,"Nutritionists, Health & Medical"
c2034c7296884e5a8a19f5,Health Clinic 324,6535 Main St,Tucson,AZ,89789,3.9,221,1,"Obstetricians & Gynecologists, Health & Medical"
86663b7198d842d29eb453,Health Clinic 325,6270 Main St,Tucson,AZ,87969,3.2,386,1,"Urgent Care, Health & Medical"
b316a49d8f11431e8ee945,Health Clinic 326,995 Main St,Toronto,ON,26883,3.1,360,1,"Pediatricians, Health & Medical"
6ae6fcae78e84535983315,Health Clinic 327,6838 Main St,Toronto,ON,71138,3.4,94,1,"Urgent Care, Health & Medical"
1df3e7a7f56b425180cf69,Health Clinic 328,8979 Main St,Las Vegas,NV,17632,4.2,389,1,"Orthopedists, Health & Medical"
241d7fce29e149e6894aff,Health Clinic 329,8647 Main St,Phoenix,AZ,70750,3.0,180,1,"Doctors, Internal Medicine, Health & Medical"
e19f4792628349fa971bed,Health Clinic 330,387 Main St,Montréal,QC,40773,4.2,284,0,"Obstetricians & Gynecologists, Health & Medical"
9426bc85b2874c38a13e0c,Health Clinic 331,2534 Main St,Montréal,QC,50485,2.8,308,0,"Orthopedists, Health & Medical"
1739af6012164b9d8b26d7,Health Clinic 332,2483 Main St,Charlotte,NC,74586,3.6,198,1,"Optometrists, Health & Medical"
ad3da0f9ac7a422dab88ba,Health Clinic 333,4587 Main St,Charlotte,NC,48239,3.9,188,1,"Dermatologists, Health & Medical"
c4fa0c3cb49b494686b2ab,Health Clinic 334,1515 Main St,Madison,WI,82668,5.0,187,1,"Orthopedists, Health & Medical"
a5278d1e44a64010b4afdb,Health Clinic 335,8557 Main St,Pittsburgh,PA,58021,2.7,346,0,"Doctors, Internal Medicine, Health & Medical"
2a2e1158a74b4386ae62b8,Health Clinic 336,7789 Main St,Madison,WI,99885,5.0,160,1,"Chiropractors, Health & Medical"
44ace02c4261483387f3c6,Health Clinic 337,8101 Main St,Tucson,AZ,67441,3.9,119,1,"Urgent Care, Health & Medical"
07765a598cfa4cffaf29c9,Health Clinic 338,2062 Main St,Charlotte,NC,36672,4.1,151,1,"Dermatologists, Health & Medical"
f4847eba32a94d8ca19119,Health Clinic 339,244 Main St,Toronto,ON,79775,3.9,86,1,"Mental Health, Health & Medical"
a2ecaa72ca344342b5cf9e,Health Clinic 340,9114 Main St,Tucson,AZ,46714,4.2,162,1,"Physical Therapy, Health & Medical"
cde0dbe9b94a4a5fa5e8b6,Health Clinic 341,2959 Main St,Calgary,AB,58074,3.7,54,1,"Physical Therapy, Health & Medical"
938a337d7a014ce8bf7ff5,Health Clinic 342,6596 Main St,Toronto,ON,22313,5.0,45,1,"Obstetricians & Gynecologists, Health & Medical"
658ca2cfa0ef408587c8a8,Health Clinic 343,9102 Main St,Calgary,AB,20740,3.4,292,1,"Orthopedists, Health & Medical"
345b7fabd7d04304b782b1,Health Clinic 344,457 Main St,Montréal,QC,61737,4.7,40,1,"Family Practice, Health & Medical"
c562d71fbc8c4fa09d8268,Health Clinic 345,154 Main St,Tucson,AZ,26801,3.3,231,1,"Acupuncture, Health & Medical"
80b0dc75de4347a99c80bc,Health Clinic 346,153 Main St,Toronto,ON,99781,3.8,314,1,"Optometrists, Health & Medical"
cff494ab0c204b37a5ac2b,Health Clinic 347,1647 Main St,Tucson,AZ,87009,2.9,292,1,"Cardiologists, Health & Medical"
acf28bca007b4bfa817f1d,Health Clinic 348,611 Main St,Tucson,AZ,73078,4.2,183,1,"Acupuncture, Health & Medical"
dae1deb542f34ab9be3aeb,Health Clinic 349,8216 Main St,Phoenix,AZ,76122,5.0,85,1,"Doctors, Internal Medicine, Health & Medical"
31a78ccbcbc64485a61f44,Health Clinic 350,6098 Main St,Phoenix,AZ,63568,3.7,372,1,"Urgent Care, Health & Medical"
1b702545c4ad477bab9ebf,Health Clinic 351,9801 Main St,Montréal,QC,15426,3.6,335,1,"Orthopedists, Health & Medical"
61e52db154b449ad89a9de,Health Clinic 352,8033 Main St,Las Vegas,NV,45312,2.9,248,1,"Acupuncture, Health & Medical"
820c253bab8548ea86025b,Health Clinic 353,9634 Main St,Toronto,ON,54621,3.6,43,1,"Physical Therapy, Health & Medical"
670a8e4629f7487cbb3c3a,Health Clinic 354,2461 Main St,Pittsburgh,PA,92375,2.5,23,1,"Family Practice, Health & Medical"
2f63bf42a3d54572b00eb5,Health Clinic 355,2948 Main St,Tucson,AZ,29753,3.1,132,1,"Chiropractors, Health & Medical"
2fb53c9213d444b3bea2fb,Health Clinic 356,8508 Main St,Tucson,AZ,54721,4.0,71,1,"Chiropractors, Health & Medical"
40e2618c0f5b499290875a,Health Clinic 357,2524 Main St,Phoenix,AZ,40965,4.9,345,1,"Nutritionists, Health & Medical"
716d8e7dc7224ce7b2c917,Health Clinic 358,666 Main St,Madison,WI,22092,5.0,90,1,"Orthopedists, Health & Medical"
c94b8f088cdf4df3ab2e7b,Health Clinic 359,6723 Main St,Las Vegas,NV,19271,3.3,120,1,"Physical Therapy, Health & Medical"
fec9386decc046ec8bd12c,Health Clinic 360,8028 Main St,Cleveland,OH,42883,4.9,390,1,"Chiropractors, Health & Medical"
02e5b2e86b144052a23953,Health Clinic 361,9684 Main St,Madison,WI,17417,4.0,329,1,"Optometrists, Health & Medical"
fd707065137648d0972ba0,Health Clinic 362,9284 Main St,Madison,WI,16044,3.7,95,1,"Family Practice, Health & Medical"
a8f03a1a122e4910824bc6,Health Clinic 363,1290 Main St,Toronto,ON,41577,4.1,159,1,"Pediatricians, Health & Medical"
b0685b20864c471b900187,Health Clinic 364,7743 Main St,Madison,WI,28177,3.8,211,1,"Physical Therapy, Health & Medical"
41b5579863ea4b85b0f191,Health Clinic 365,8475 Main St,Phoenix,AZ,59932,3.9,269,1,"Pediatricians, Health & Medical"
2369371a4274424d8589b2,Health Clinic 366,7010 Main St,Montréal,QC,11590,3.5,375,1,"Optometrists, Health & Medical"
0b96b8ee466242089af414,Health Clinic 367,8215 Main St,Pittsburgh,PA,37162,2.7,349,1,"Chiropractors, Health & Medical"
3688ccf16cdc43e8b0a226,Health Clinic 368,8395 Main St,Charlotte,NC,50794,2.6,391,1,"Nutritionists, Health & Medical"
791a730515b04382b0287b,Health Clinic 369,4520 Main St,Las Vegas,NV,96682,4.3,25,1,"Acupuncture, Health & Medical"
990493ed78ca439fbe6956,Health Clinic 370,497 Main St,Cleveland,OH,67107,3.6,102,1,"Dentists, General Dentistry, Health & Medical"
f4c768efa84246ae81cc12,Health Clinic 371,4615 Main St,Charlotte,NC,89263,3.3,229,1,"Dermatologists, Health & Medical"
b177269c898c4840b7aaa7,Health Clinic 372,2097 Main St,Calgary,AB,40895,3.8,29,1,"Physical Therapy, Health & Medical"
1bc6699294894fa2a8c9fd,Health Clinic 373,1225 Main St,Pittsburgh,PA,50473,4.4,148,1,"Dermatologists, Health & Medical"
3cd2d28a8920483e8e69b0,Health Clinic 374,1336 Main St,Charlotte,NC,47833,3.9,69,1,"Cardiologists, Health & Medical"
328c5fbca8854de39858f0,Health Clinic 375,7003 Main St,Madison,WI,89864,3.3,373,1,"Optometrists, Health & Medical"
6269003dbc884269851f13,Health Clinic 376,5094 Main St,Las Vegas,NV,96327,4.8,34,1,"Doctors, Internal Medicine, Health & Medical"
5f7536f84c93400a9f1f02,Health Clinic 377,5443 Main St,Cleveland,OH,96609,5.0,67,1,"Dermatologists, Health & Medical"
c75a781b63514b178189aa,Health Clinic 378,7476 Main St,Cleveland,OH,77675,4.2,86,1,"Physical Therapy, Health & Medical"
ffa915a59a454dc2a4e253,Health Clinic 379,5527 Main St,Charlotte,NC,55279,4.6,67,1,"Chiropractors, Health & Medical"
410019ce2e82477591c626,Health Clinic 380,6336 Main St,Toronto,ON,58676,4.8,231,1,"Family Practice, Health & Medical"
5dca96342a3848dca44d4b,Health Clinic 381,951 Main St,Las Vegas,NV,98244,4.7,152,1,"Doctors, Internal Medicine, Health & Medical"
7368cb2440bf423e8cc310,Health Clinic 382,8525 Main St,Tucson,AZ,35608,4.3,365,1,"Dentists, General Dentistry, Health & Medical"
30e13b531dc74dacab2a25,Health Clinic 383,4542 Main St,Tucson,AZ,41203,4.3,111,1,"Orthopedists, Health & Medical"
9cf8db71495044a4adddb3,Health Clinic 384,1636 Main St,Toronto,ON,90728,4.2,219,1,"Orthopedists, Health & Medical"
bf2e087063c141928e55c0,Health Clinic 385,8151 Main St,Las Vegas,NV,44768,2.9,267,1,"Pediatricians, Health & Medical"
40245572bc824b38b64329,Health Clinic 386,7372 Main St,Phoenix,AZ,31158,4.4,254,1,"Optometrists, Health & Medical"
c00b20d683f84606869366,Health Clinic 387,624 Main St,Las Vegas,NV,60441,2.7,320,1,"Dentists, General Dentistry, Health & Medical"
ca8a3add6c4042b0b21bba,Health Clinic 388,2010 Main St,Madison,WI,39280,3.2,88,0,"Mental Health, Health & Medical"
4c16035ba7eb4ef48cab6d,Health Clinic 389,255 Main St,Madison,WI,90177,4.8,207,1,"Dermatologists, Health & Medical"
07c75c2099e64cf8874eb0,Health Clinic 390,2780 Main St,Phoenix,AZ,91814,4.5,322,1,"Dentists, General Dentistry, Health & Medical"
fcb14ad69ba4486699139b,Health Clinic 391,1089 Main St,Cleveland,OH,37540,5.0,346,1,"Dermatologists, Health & Medical"
2cc361d6e71740039117ea,Health Clinic 392,7127 Main St,Phoenix,AZ,57658,3.6,250,1,"Acupuncture, Health & Medical"
22f62de522ec46848c90d4,Health Clinic 393,5272 Main St,Charlotte,NC,98558,2.9,264,0,"Optometrists, Health & Medical"
5628cdd8da9f43fca9a0c7,Health Clinic 394,9803 Main St,Montréal,QC,76807,3.6,347,0,"Nutritionists, Health & Medical"
44b34f15e37c4c15a20b45,Health Clinic 395,7518 Main St,Cleveland,OH,29406,3.9,253,1,"Optometrists, Health & Medical"
2ded3e0c2afd421c8922fb,Health Clinic 396,6153 Main St,Madison,WI,63166,3.9,380,0,"Chiropractors, Health & Medical"
d58f6afb563a41d5a28f99,Health Clinic 397,5141 Main St,Las Vegas,NV,65789,4.7,59,1,"Optometrists, Health & Medical"
ee08010ba24542faa6cec8,Health Clinic 398,639 Main St,Phoenix,AZ,68808,3.5,145,1,"Pediatricians, Health & Medical"
a95b7e8db0484c55af5435,Health Clinic 399,794 Main St,Toronto,ON,12250,4.1,53,1,"Dentists, General Dentistry, Health & Medical"
45f4445fe4b74669ac3d7f,Health Clinic 400,6200 Main St,Charlotte,NC,36944,3.0,45,1,"Physical Therapy, Health & Medical"
1a68d379380f4413be1e1d,Health Clinic 401,143 Main St,Tucson,AZ,86914,4.2,194,1,"Dermatologists, Health & Medical"
0c7476f99ed345e38b77bb,Health Clinic 402,519 Main St,Cleveland,OH,31723,3.8,98,0,"Cardiologists, Health & Medical"
1ee7293b5e794b7eb2f631,Health Clinic 403,2269 Main St,Charlotte,NC,36972,3.2,168,1,"Orthopedists, Health & Medical"
814295e03e8d4a0c9b132f,Health Clinic 404,8852 Main St,Tucson,AZ,39023,3.6,180,1,"Obstetricians & Gynecologists, Health & Medical"
a9ee0554f03e4836adf9ec,Health Clinic 405,4642 Main St,Pittsburgh,PA,25964,3.7,252,0,"Orthopedists, Health & Medical"
c6285f8058f14a19babde7,Health Clinic 406,7124 Main St,Montréal,QC,23989,3.6,378,1,"Chiropractors, Health & Medical"
594684e44e1848328d158a,Health Clinic 407,4174 Main St,Pittsburgh,PA,41231,5.0,341,1,"Cardiologists, Health & Medical"
3d498948436349df9dac68,Health Clinic 408,1813 Main St,Phoenix,AZ,88687,3.7,157,1,"Dentists, General Dentistry, Health & Medical"
f1fd51b38acf4122879f03,Health Clinic 409,3774 Main St,Tucson,AZ,10138,3.6,136,1,"Cardiologists, Health & Medical"
67fd8383e27245ffb7d4e7,Health Clinic 410,1007 Main St,Las Vegas,NV,35491,2.1,310,1,"Acupuncture, Health & Medical"
74e0012255014aab9017d7,Health Clinic 411,7724 Main St,Phoenix,AZ,15456,3.1,58,1,"Urgent Care, Health & Medical"
9914fb1210b342bdbbe722,Health Clinic 412,1916 Main St,Toronto,ON,60533,3.6,220,1,"Obstetricians & Gynecologists, Health & Medical"
fd901f958f0448bda02800,Health Clinic 413,3825 Main St,Toronto,ON,32553,3.3,174,1,"Pediatricians, Health & Medical"
8a02785251e443d48f04b2,Health Clinic 414,9801 Main St,Phoenix,AZ,81276,4.9,81,1,"Nutritionists, Health & Medical"
3520806042e941c083f930,Health Clinic 415,5959 Main St,Las Vegas,NV,62650,3.7,250,1,"Optometrists, Health & Medical"
de12f137fdf24ddcbf655f,Health Clinic 416,4639 Main St,Calgary,AB,80543,4.8,135,1,"Orthopedists, Health & Medical"
c0ef3d22f2c6465097d6b3,Health Clinic 417,5475 Main St,Tucson,AZ,67141,3.8,82,1,"Urgent Care, Health & Medical"
2ad6ad3cfd874f94b95b8e,Health Clinic 418,7861 Main St,Phoenix,AZ,49454,3.8,264,1,"Nutritionists, Health & Medical"
201c44fa2cc3444087749b,Health Clinic 419,2619 Main St,Toronto,ON,87486,3.7,77,1,"Nutritionists, Health & Medical"
6e139be7494d457eb99be0,Health Clinic 420,6399 Main St,Montréal,QC,52862,3.8,272,0,"Dentists, General Dentistry, Health & Medical"
560aa578aa82491b9bf4d8,Health Clinic 421,8738 Main St,Tucson,AZ,95493,5.0,73,1,"Nutritionists, Health & Medical"
089488c732c740cc8c3110,Health Clinic 422,5766 Main St,Calgary,AB,99522,1.9,179,1,"Dentists, General Dentistry, Health & Medical"
6b11be704a864e938c739a,Health Clinic 423,4520 Main St,Cleveland,OH,63011,2.2,325,0,"Physical Therapy, Health & Medical"
8b357d1098b347298db9a4,Health Clinic 424,1536 Main St,Montréal,QC,70713,3.4,99,1,"Nutritionists, Health & Medical"
246c2e56f47d42e7bc72de,Health Clinic 425,2557 Main St,Pittsburgh,PA,33009,3.8,309,1,"Mental Health, Health & Medical"
19fe33c9ad2e40528e4d0b,Health Clinic 426,9464 Main St,Phoenix,AZ,83316,4.4,291,1,"Acupuncture, Health & Medical"
eda7c8348e824e4984acf3,Health Clinic 427,5457 Main St,Madison,WI,70442,4.2,362,1,"Dermatologists, Health & Medical"
4ec44cc16e7f4c74bff54c,Health Clinic 428,3082 Main St,Madison,WI,91228,3.5,75,1,"Pediatricians, Health & Medical"
7e8ac50e1e6f4c38a0034c,Health Clinic 429,4241 Main St,Las Vegas,NV,34030,4.6,288,1,"Pediatricians, Health & Medical"
e843b8609fc14b0f986f75,Health Clinic 430,5821 Main St,Cleveland,OH,80882,4.6,375,1,"Dermatologists, Health & Medical"
2b9093880b4c46b29c362d,Health Clinic 431,5421 Main St,Las Vegas,NV,52324,3.9,307,1,"Cardiologists, Health & Medical"
3a03ffac668241e29e08a5,Health Clinic 432,7027 Main St,Cleveland,OH,26665,4.6,83,1,"Obstetricians & Gynecologists, Health & Medical"
e8cf4f18d4b445199e488f,Health Clinic 433,2648 Main St,Madison,WI,25407,4.0,330,1,"Urgent Care, Health & Medical"
2b68056f080c43199d3b84,Health Clinic 434,6526 Main St,Phoenix,AZ,60594,3.4,51,0,"Obstetricians & Gynecologists, Health & Medical"
60345ef57e2c4abea00ebc,Health Clinic 435,4482 Main St,Pittsburgh,PA,38750,4.4,239,1,"Pediatricians, Health & Medical"
9f89f98557554d4d81e2d4,Health Clinic 436,9410 Main St,Phoenix,AZ,19170,3.9,204,1,"Chiropractors, Health & Medical"
6e6163cdd0e4464bafeca6,Health Clinic 437,1663 Main St,Montréal,QC,48442,3.8,217,1,"Physical Therapy, Health & Medical"
39086ebeb9a142b5a4a2fc,Health Clinic 438,1569 Main St,Tucson,AZ,68762,5.0,212,1,"Nutritionists, Health & Medical"
7c74420a30f1417e9d92a3,Health Clinic 439,4669 Main St,Las Vegas,NV,38705,1.8,22,1,"Family Practice, Health & Medical"
04461fea2f724ee3b922d7,Health Clinic 440,5132 Main St,Charlotte,NC,95980,2.7,208,1,"Optometrists, Health & Medical"
cdae445b9ec5498b93edf4,Health Clinic 441,6938 Main St,Tucson,AZ,80158,2.9,375,1,"Orthopedists, Health & Medical"
beb7b4d8b16a4c39b3c6fd,Health Clinic 442,4099 Main St,Charlotte,NC,56145,3.5,180,1,"Cardiologists, Health & Medical"
f621e2d2d12a4b139f6d13,Health Clinic 443,9144 Main St,Phoenix,AZ,94117,3.6,117,0,"Mental Health, Health & Medical"
b5687630f2174ae995d61a,Health Clinic 444,4793 Main St,Pittsburgh,PA,48967,2.6,397,1,"Dentists, General Dentistry, Health & Medical"
abb14da0db204b97b7cd69,Health Clinic 445,1380 Main St,Montréal,QC,22570,3.0,48,1,"Physical Therapy, Health & Medical"
2de509ec0c234b8397084a,Health Clinic 446,1280 Main St,Calgary,AB,13225,3.1,199,0,"Doctors, Internal Medicine, Health & Medical"
01f5181cde06450997da80,Health Clinic 447,9735 Main St,Charlotte,NC,94421,5.0,209,1,"Dentists, General Dentistry, Health & Medical"
be0442409f284d6ab5ad3f,Health Clinic 448,1427 Main St,Tucson,AZ,96378,5.0,196,1,"Mental Health, Health & Medical"
01d3d324b6a447328ee2a0,Health Clinic 449,9482 Main St,Montréal,QC,76531,3.5,369,1,"Dentists, General Dentistry, Health & Medical"
53e8e8937c734e9fb7b7d9,Health Clinic 450,2852 Main St,Toronto,ON,19270,3.5,174,1,"Dermatologists, Health & Medical"
18d96e6c530c4f51a64f24,Health Clinic 451,1024 Main St,Tucson,AZ,36428,2.9,389,1,"Physical Therapy, Health & Medical"
e6d3f430ba7a4f8f973b35,Health Clinic 452,3116 Main St,Tucson,AZ,13697,2.3,36,0,"Mental Health, Health & Medical"
8ac6d50491db46a2b906b4,Health Clinic 453,6184 Main St,Pittsburgh,PA,14612,3.7,296,1,"Obstetricians & Gynecologists, Health & Medical"
a24dbc3383304698be9f66,Health Clinic 454,4335 Main St,Las Vegas,NV,32145,3.0,241,1,"Dentists, General Dentistry, Health & Medical"
f21ebd719f784c67879581,Health Clinic 455,7876 Main St,Montréal,QC,61492,3.7,103,1,"Urgent Care, Health & Medical"
b59257bf910e41e1b25276,Health Clinic 456,6148 Main St,Montréal,QC,15897,2.5,98,1,"Acupuncture, Health & Medical"
277070414e9e44c4861178,Health Clinic 457,4067 Main St,Phoenix,AZ,98613,3.2,290,1,"Nutritionists, Health & Medical"
6105874ced96484d8f31e2,Health Clinic 458,6382 Main St,Calgary,AB,50960,3.9,258,1,"Urgent Care, Health & Medical"
5071b1d474a6497ba55e9e,Health Clinic 459,9716 Main St,Madison,WI,33745,4.1,248,1,"Obstetricians & Gynecologists, Health & Medical"
5dd747b7201448a88f0427,Health Clinic 460,4176 Main St,Phoenix,AZ,56447,4.1,29,0,"Nutritionists, Health & Medical"
77f0814af26d4976b99508,Health Clinic 461,1618 Main St,Cleveland,OH,81113,2.7,243,1,"Orthopedists, Health & Medical"
1dbc6906056049fe92cb75,Health Clinic 462,4146 Main St,Phoenix,AZ,38130,4.5,392,1,"Chiropractors, Health & Medical"
2367e13709844aaebb26fe,Health Clinic 463,8416 Main St,Cleveland,OH,14276,3.2,16,1,"Family Practice, Health & Medical"
c29a260bc9364777b3817c,Health Clinic 464,2254 Main St,Pittsburgh,PA,14586,4.3,192,1,"Pediatricians, Health & Medical"
80dfc0b0c761455ab82ef9,Health Clinic 465,9495 Main St,Las Vegas,NV,86677,3.8,202,1,"Acupuncture, Health & Medical"
2e4af8bf95c84030b14af9,Health Clinic 466,5923 Main St,Tucson,AZ,20043,2.7,359,1,"Dermatologists, Health & Medical"
98ccbec8c7c54a9d8e9780,Health Clinic 467,6054 Main St,Phoenix,AZ,67200,3.5,120,1,"Nutritionists, Health & Medical"
a7cca7efddd24890971dcf,Health Clinic 468,3238 Main St,Montréal,QC,44605,4.1,195,1,"Physical Therapy, Health & Medical"
6611c7945a4d47b8b6a84b,Health Clinic 469,9211 Main St,Phoenix,AZ,79975,4.3,289,1,"Orthopedists, Health & Medical"
0e02acc1e9034cb1a73672,Health Clinic 470,456 Main St,Tucson,AZ,15447,3.7,33,1,"Pediatricians, Health & Medical"
1d2cd90cbaea4d97aacb65,Health Clinic 471,3056 Main St,Cleveland,OH,90800,5.0,322,1,"Family Practice, Health & Medical"
17cbb950bd8c4662ba043b,Health Clinic 472,4241 Main St,Madison,WI,72836,4.6,330,1,"Doctors, Internal Medicine, Health & Medical"
c012ed45375949cea8e6a8,Health Clinic 473,4824 Main St,Pittsburgh,PA,50434,3.6,290,1,"Orthopedists, Health & Medical"
bf73d81b1d75497aa09495,Health Clinic 474,4793 Main St,Pittsburgh,PA,28631,4.4,262,1,"Dermatologists, Health & Medical"
abc6f7c3a2f94836892676,Health Clinic 475,1564 Main St,Calgary,AB,97941,5.0,301,1,"Physical Therapy, Health & Medical"
72b2618983194c88b9b381,Health Clinic 476,2333 Main St,Cleveland,OH,37186,5.0,314,1,"Optometrists, Health & Medical"
4bdb9b3ae81f4de586680c,Health Clinic 477,1042 Main St,Madison,WI,54145,2.8,362,1,"Mental Health, Health & Medical"
9adf3a45ec2943a982727d,Health Clinic 478,5766 Main St,Las Vegas,NV,45470,3.1,176,1,"Dermatologists, Health & Medical"
f66e1a60b2a54eedb5daaf,Health Clinic 479,3573 Main St,Calgary,AB,30749,5.0,187,1,"Chiropractors, Health & Medical"
4041c9b0b5eb44539b8fdd,Health Clinic 480,5700 Main St,Phoenix,AZ,47494,3.0,258,1,"Chiropractors, Health & Medical"
fc0ff76702264bbbb871a4,Health Clinic 481,5937 Main St,Toronto,ON,23633,2.7,85,1,"Cardiologists, Health & Medical"
df792a9c2fc24bf39a6177,Health Clinic 482,7049 Main St,Madison,WI,10149,3.4,343,1,"Optometrists, Health & Medical"
d67902ca80e74007b08b53,Health Clinic 483,5515 Main St,Toronto,ON,36099,4.1,310,1,"Pediatricians, Health & Medical"
a60afe30122c49309631f7,Health Clinic 484,6514 Main St,Cleveland,OH,20086,3.7,256,1,"Mental Health, Health & Medical"
99f20e7f37694757bac442,Health Clinic 485,5912 Main St,Pittsburgh,PA,47329,3.3,127,0,"Pediatricians, Health & Medical"
baf4775c1deb47b28b2ff5,Health Clinic 486,6558 Main St,Toronto,ON,87647,3.3,145,1,"Dermatologists, Health & Medical"
cbbc9679f74a453f979ee5,Health Clinic 487,6204 Main St,Charlotte,NC,24631,3.2,179,1,"Optometrists, Health & Medical"
856b67b4f3c34d69b9c9bd,Health Clinic 488,3230 Main St,Montréal,QC,10110,3.1,268,0,"Dermatologists, Health & Medical"
b4bc0ec4da53461bb1222d,Health Clinic 489,2537 Main St,Cleveland,OH,19998,5.0,313,1,"Cardiologists, Health & Medical"
fc8d748e1c974a8695dc1c,Health Clinic 490,7894 Main St,Calgary,AB,55734,4.0,272,1,"Physical Therapy, Health & Medical"
5373622a72ec4554b5fdf8,Health Clinic 491,3492 Main St,Tucson,AZ,34735,4.5,372,1,"Acupuncture, Health & Medical"
08804671625a42ffa67efc,Health Clinic 492,5535 Main St,Madison,WI,54054,3.4,384,1,"Urgent Care, Health & Medical"
bfa3aff4a8ed4958aa5110,Health Clinic 493,2049 Main St,Cleveland,OH,12632,3.7,284,1,"Doctors, Internal Medicine, Health & Medical"
bb46577d94d644f3bc02d6,Health Clinic 494,4370 Main St,Calgary,AB,39978,3.2,154,1,"Dermatologists, Health & Medical"
b7f7b381639e45ae960df9,Health Clinic 495,5343 Main St,Toronto,ON,46911,1.7,243,1,"Pediatricians, Health & Medical"
c58a601a5f994c82bca64c,Health Clinic 496,6296 Main St,Pittsburgh,PA,48819,2.7,175,1,"Physical Therapy, Health & Medical"
2264bf9564f74d2eb0fc0a,Health Clinic 497,5310 Main St,Phoenix,AZ,59603,2.4,255,1,"Optometrists, Health & Medical"
930ece96380849a69d54e7,Health Clinic 498,3670 Main St,Charlotte,NC,80251,2.0,326,1,"Acupuncture, Health & Medical"
303e8f83bfe64e259cbdf5,Health Clinic 499,9620 Main St,Tucson,AZ,52050,2.8,154,1,"Pediatricians, Health & Medical"
65f26ce47dc54f989a4a96,Health Clinic 500,5175 Main St,Pittsburgh,PA,85707,4.9,207,1,"Orthopedists, Health & Medical"
